aa	kd	bulk	topidp	pct_P	pct_B	p	padj	log2FC	enrich	sig
F	2.8	19.8	-0.697	5.37557849768601	0.494304749623899	5.57223165546673e-54	3.71482110364448e-53	3.31729044164615	Pathogenic	TRUE
Y	-1.3	18.03	-0.51	3.0437878248487	0.322372662798195	3.34848380850374e-29	9.56709659572496e-29	3.0545551901478	Pathogenic	TRUE
I	4.5	21.4	-0.486	5.62477750089	0.644745325596389	8.89034047760765e-52	4.44517023880382e-51	3.03000769991381	Pathogenic	TRUE
C	2.5	13.46	0.02	2.59878960484158	0.386847195357834	1.40563823019921e-21	2.81127646039842e-21	2.60013262077568	Pathogenic	TRUE
N	-3.5	12.28	0.007	3.91598433606266	0.881151944981732	1.52160311009299e-24	3.38134024465108e-24	2.09059046907635	Pathogenic	TRUE
M	1.9	16.25	-0.397	1.92239231043076	0.537287771330325	1.7236421813138e-10	2.46234597330543e-10	1.74780703040887	Pathogenic	TRUE
V	4.2	21.57	-0.121	6.53257386970452	2.12765957446809	2.57158035803629e-28	6.42895089509072e-28	1.59587336584079	Pathogenic	TRUE
W	-0.9	21.67	-0.884	0.996796012815949	0.300881151944982	1.64158622500377e-05	2.05198278125471e-05	1.57692597574778	Pathogenic	TRUE
L	3.8	21.4	-0.326	10.7689569241723	3.67504835589942	1.99888072696619e-44	7.99552290786475e-44	1.5382303541094	Pathogenic	TRUE
R	-4.5	14.28	0.18	5.69597721609114	2.34257468300022	5.75450024758539e-18	8.85307730397753e-18	1.26398831391234	Pathogenic	TRUE
K	-3.9	15.71	0.586	5.94517621929512	2.49301525897271	3.8517465247484e-18	6.41957754124733e-18	1.23726204141525	Pathogenic	TRUE
D	-3.5	11.68	0.192	4.89498042007832	2.6434558349452	2.77736492415592e-09	3.70315323220789e-09	0.876506399311153	Pathogenic	TRUE
T	-0.7	15.77	0.059	4.39658241367035	3.07328605200946	0.000498704169680988	0.000524951757558935	0.509632217696829	Pathogenic	TRUE
E	-3.5	13.57	0.736	6.95977216091136	8.61809585213841	0.00179613405956961	0.00179613405956961	-0.306347553911706	Benign	TRUE
S	-0.8	9.47	0.341	5.66037735849057	7.67246937459703	4.43090501546865e-05	5.21282942996312e-05	-0.435476158233019	Benign	TRUE
H	-3.2	13.69	0.303	2.04699181203275	3.33118418224801	6.82556050022284e-05	7.58395611135871e-05	-0.689207377610989	Benign	TRUE
G	-0.4	3.4	0.166	7.76076895692417	13.1098216204599	6.02305290283177e-19	1.09510052778759e-18	-0.752603442330696	Benign	TRUE
P	-1.6	17.43	0.987	6.47917408330367	13.6471093917902	3.29725128780108e-34	1.09908376260036e-33	-1.068899049313	Benign	TRUE
A	1.8	11.5	0.06	5.8561765752937	17.5800558779282	1.77931773139919e-79	1.77931773139919e-78	-1.57774065316797	Benign	TRUE
Q	-3.5	14.45	0.318	3.52438590245639	16.1186331399097	1.56201806706601e-110	3.12403613413202e-109	-2.17743041575217	Benign	TRUE
